text,label
@SamaraAfzal @PaulPaul49 #Lockdown = ACT OF WAR AGAINST PEOPLE #HumanityIsNotAVirus #covid19= SCAM KILLING with #5G -REALITY https://t.co/Nml25DSGDH #Reopening #ReopenAmerica #ReopenWorld.,n
"Sweden is not fooled by #COVID19 scam, and its infection rate is lower. When will the rest of the world wake up? Only after people can no longer feed their families? #reopenamerica https://t.co/mSrjoN8ONI.",n
RT @NaazirRa: #ReopenAmerica - ban #5G - resurrect traditional values! Let's make America the greatest ever! #naazirra.,n
"@atrupar #trump and states like #Texas, under @GregAbbott_TX, looking to #ReopenAmerica. Seems they want elderly vulnerable #Veterans, who are losing comrades in state run facilities, to go back into battle - against #COVID. #texasmorons https://t.co/JcoA",y
"That is you, that is! #gregabbott We really don't need any more fear tactics, we see the inflated numbers, the empty hospitals, the lies of the left all over the media, as the y contradict each other. #reopenamerica.",n
The lack of push back against unconstitutional shutdowns by too many timid sheep does not bode well for any future authoritarian assaults on our basic freedoms #OPENAMERICANOW #TrumpPressConf #COVID19 #OpenOhio #ReopenAmerica #Trump #NRA #Ohiolockdown #ohiounemployment #Tucker.,n
I feel like @GavinNewsom is a borderline tyrant. Anyone else? #reopencalifornia #reopenamerica #trumpderangementsyndrome.,n
Morgan Stanley financial analysts warn Donald J Trump that relaxing containment measures against coronavirus & resuming business as usual too quickly could actually backfire. causing even worse damage to the economy Don't #reopenamerica during #covid19 https://t.co/NaJIxAPR6p.,y
"The difference between ""peaceful protest"" & ""dangerous threat,"" is melanin. #ReopenAmerica participants aren't protestors, they're domestic terrorists.",y
"People vote with their wallets. #ReOpenAmerica & STOP VOTING DEMOCRAT, STUPID. This #Panicdemic is ALL their doing to destroy America's & the world's economies and take down President @realDonaldTrump & YOU with it. #reopenamericanow https://t.co/iY1JK4n1JF.",n
@JoyAnnReid Millions of other Americans and myself have railed against the lockdown order and we're fine. #reopenamerica.,n
"@SenatorLoeffler @realDonaldTrump Trump rally first! Til he puts himself and his base on the line, he doesn't think America should reopen. He just wants to use us a lab rats. #reopenamerica.",n
"Today Trump announced his plans to #ReopenAmerica and the #DowJones is up by 10% already. Criticize him all you want, but he knows how to rally the markets positively.",n
"#America It's time to get a mask, wash your hands, pull up your big kid's pants and get back to work. We have an economy to rebuild and we can't spend another day being chickenshit about it. #coronavirus #fraud #ccpvirus #reopenamerica.",n
"#MayDay We're taking it back! It's a Pro-Commerce Event where people exercise their right to provide for families, peacefully assemble and pursue happiness. Open your businesses! #reopennc #reopenamerica #reopenus #civildisobedience https://t.co/bJ28ryb05j.",n
"@honor_dennis Agreed. At best, it is inherently unfair that some businesses get to make money hand-over-fist while millions of others go Tango-Uniform. #reopenamerica #shutdowntheshutdown.",n
".@realdonaldtrump please! Mr. President. Your supporters need you! Plan an #Easter rally! Make it the biggest one you've ever had! We will stand RIGHT beside you, not 6 feet! Resurrect America! #KAG #MAGA #americanresurrection #reopenamerica #foxnewstownhall #trump.",n
"@ConservaMomUSA @hankentwhistle Instead of #ReopenAmerica protests Just Do It reopen #ReopenArizona everyone get back to work just open your business's Walmart, Walgreens, Target, we can take personal responsibility follow Cold and Flu Season etiquette ..",n
Yesterday was the first day in the last month where the number of NEW cases of COVID-19 wasn't more than the previous day. The number of new deaths is still rising. It is not quite time to #ReopenAmerica that is just #TrumpMadness https://t.co/HJBKXs586i https://t.co/Ohum3KJBG1.,n
"@Doitwell01 @GovernorVA More likely to go bankrupt than be safe. https://t.co/tEQBHUxDfn But I guess that's what happens when you trade liberty for false security.... you deserve neither, and eventually lose both. #ReopenAmerica #ReopenVirginia.",n
"The shutdown is a socialists dream they can ban work, guns, FREE SPEECH!? This is why we have Trump God has made him the HAMMER! First to expose how far America has fallen... 2nd TO BREAK DOWN & DESTROY the political ruling class from these 50 states #ReopenAmerica #trump2020.",n
@realDonaldTrump Miserable ole #Trump is just having a tantrum since he didn't get his #GOPSlushFund yesterday so he wants to #ReopenAmerica to punish us w/death threats #DieForTheDow #GeneralStrike #COVID19 #COVIDIDIOTS #GOPBailoutScam #TrumptheWorstPres,n
"@seanhannity @AlexBerenson @BoSnerdley @BreitbartNews @greggutfeld @TeaParty_911 @TPPatriots We don't know how mani #COVID?19 infected or MR, but WE DO know how many hurt by #shutdown & 300M lose liberties #ReopenAmerica https://t.co/SwYBimylyh.",n
"@Walmart #mepolitics @GovJanetMills Falmouth Maine, elderly couple tried to purchase 2 pkgs of english muffins, cashier said the limit is 1 & removed the 2nd pkg from the belt. Thought the limit was 2?? This is getting pathetic. #reopenamerica #reopenmain",n
"#The100 on @netflix is a surprisingly phenomenal series. It also really makes today's humanity look very pathetic by willingly complying to ""shelter-in-place"" orders for a virus that kills only about 1/5000, mostly elderly individuals. #covid19 #reopenamerica https://t.co/HKZoY0Tpd4.",n
Now tell me once again #Coronavirus obedient ones why we're in house arrest prison and the criminals are not? What a scam. #reopenamerica.,n
#ReopenAmerica Cure is worse than disease. #AntifaTerrorists this is real #Fascism. You have opposed #Freedom. #liberateillinois #recalljb ?@jbpritzker is a #tyrant ? #standup2bullies #dumpdurbin ?@electmarkcurran? ?@darrenbaileyil? https://t.co/7TitNyTtDi.,n
@GovStitt @GregAbbott_TX @GovernorKayIvey @realDonaldTrump it's time to stop tossing money at this and #ReopenAmerica.,n
@NursingNotesUK @PaulPaul49 #Lockdown = ACT OF WAR AGAINST PEOPLE #HumanityIsNotAVirus #covid19= SCAM KILLING with #5G -REALITY https://t.co/Nml25DSGDH #reopening #reopenamerica #reopenworld.,n
What happened to the threats of closing permanently or fines or jail? @govmurphy @nygovcuomo @nycmayor Seems inconsistent (AGAIN) #reopenamerica.,n
I think there are very high odds that Dictator Whitmer has been spreading porkies about her right to breach the Constitution and the Bill of Rights in order to enslave the people of her state. Spreading freedom is what the protesters were doing. #scamdemic #reopenamerica.,n
"RT @JasonRobergeVA: NEW YORK STATE RALLY Tomorrow, April 16, noon State Capitol in Albany, NY #reopenamerica #reopennys RT and tag your�.",n
"@BrandonStraka ?? Love from #NoLockdownSweden Become #UNSILENT #WalkAway #ReopenAmerica #WWG1WGA VIDEO interview with Professor Johan Giesecke, one of the world's most senior epidemiologists and advisor to the Swedish Government. Why lockdowns are the wro",n
"Replying to @realDonaldTrump Your stupidity will cause the needless death of MILLIONS, all because your hotels are losing money. You, and the rest of the #COVIDIDIOTS who want to #ReopenAmerica too soon ARE THE PROBLEM that is worse than the ""cure.""",y
"Now it's May?! Call me crazy, but it almost seems the government is shrugging off accountability when it comes to the math & sources they used when deciding to implement a one size fits all lockdown that's decimating families and small businesses. #ReOpenMN #ReopenAmerica.",n
#Austin is partially reopening today! Texas baby! Heading out the door right now to go support some small-businesses... Stop the insanity and #ReopenAmerica now! https://t.co/OohLI5fqbP.,n
RT @GregMusselwhit3: We need politicians that will put #AmericaFirst. We can #ReopenAmerica responsibly and protect our vulnerable. More�.,n
"FREEDOM RALLY! Come stand with us tomorrow at 1PM in San Diego. #ReOpenCA #TimeToOpen @ReopenCa #ReopenAmerica #ReopenAmericaNow #ReOpenCalifornia If you are on Facebook, join the groups Reopen California. Similar Groups have formed for other states. https://t.co/7w5bPivtvM https://t.co/vvfds4LuB0.",n
@WBTV_News Absolutely but luckily we live on the TN/NC so we will be spending our money in TN and helping their economy. If WALMART can be open why can't every store if they follow the same guidelines. #reopenamerica #reopennc.,n
"Nobody should die because a rich person will, god forbid, be less rich if people stay safe at home. If boomers want to kill themselves so badly, a gun and a bullet to the head would be much faster. #reopenamerica #boomerremover.",y
You cannot shutdown the economic engine of the world for months based on questionable models and fear! The American people will not tolerate an open-ended halt to their lives. #reopennh #reopenamerica.,n
99.99% survival rate for healthy people under 50. Even in NYC. Now get your boot off my neck. @cagov @gavinnewsom #COVID19 #coronavirus #thursdaythoughts #endtheshutdown #reopenamerica.,y
"HAPPENING NOW!!! Reopen our country! Carson city, Nevada #reopennevada #WWG1WGA #nevada #sisolak #inittogether #qanon #recallsisolak #protestlockdown #operationnevada #wethepeople #reopenamerica @michaelbeatty3 @seancordicon @savannahfairfi1 @agstatestacker @gideonsarmy3001 https://t.co/CayN8Qefa4.",n
Thinking of #OperationGridlock as they get ready to protest to #ReopenMI. Best of luck from #ReopenNC you guys are true patriots today. #constitutionovercoronavirus #reopenamerica.,n
#stock market rebounds when #Covid_19 cases grow by less than expected. Worried about the market & economy? Don't rush to #ReopenAmerica. Control the outbreak. (test. Test. Test. Trace. Isolate. Treat.) Thanks @cepr_org vetting #COVID19 #EconTwitter research so quickly.,n
@funder PROTESTS BEING REMOVED FROM YOUTUBE!! Freedom of speech! This is AMERICA and #MichiganProtest is where we should STAND TOGETHER for our constitutional rights!! More of US than THEM! Let's fight! #reopenamerica #operationgridlock https://t.co/hWQFy,n
Lots of patriots demonstrating to #ReopenVirginia today. I was at the #LiberateMinnesota rally last week w/the big red #LewisForMN RV. Fighting #COVID__19 & gradually reopening are NOT binary choices! Our economic security/individual liberty are at stake. Time to #ReopenAmerica https://t.co/tNjaNbe7Kj.,n
"If we'll ""only"" have 1 to 2% of people die if we #ReopenAmerica as @realDonaldTrump wants that would be 3.3 to 6.6 million #Americans dead. 6,600,000 dead humans. #holocaust #coronaviruspandemic #MAGA #COVID19 #election2020 @GOP @thedemocrats @joebiden @CNN @nytimes @kenolin1.",y
The plot thickens!! #BillGatesIsNotOurFriend why would lockdown continue when the virus is declining. Oh!! Bill Gates wants everyone contained until he gets mandatory vaccines! Coercion!! @realdonaldtrump #plandemic #reopenamerica @govinslee.,n
"@RealMattCouch Fauci is a liar and a fraud. The lockdowns should be ended IMMEDIATELY. Not only are they illegal and unconstitutional, THEY DON'T EVEN WORK. https://t.co/pkeARLMC9q #endthelockdown #EndTheShutdown #LiberateAmerica #ReopenAmerica.",n
While there is a unconstitutional checkpoint coming into #Florida on #95S Why is it @GovRonDeSantis that American citizens must be singled out. If only you had fortitude like @BrianKempGA in #Georgia #ReopenAmerica #GreatAwakening #ConstitutionOverCoronavirus.,n
@jasserravalle Show the proof that keeping healthy people in lock-down is necessary or helpful? #openupamerica #mayday #reopenamerica #povertykills. https://t.co/QWqh8qvXeE.,n
@NC_Governor Let businesses open with social distancing rules. They too can easily do what Walmart and the grocery stores are doing! #reopenamerica #reopennc.,n
This is the antithesis of Freedom. #openupamerica #mayday #takeourcountryback #reopenamerica #liberateamerica #liberatevirginia #vaccinesarenottheanswer #billgatesisnotourfriend #firefauci #defundwho.,n
@dyro874 @realDonaldTrump No more stimulus bills we need to get back to work by Easter. We've been lied to about the #ChinaVirus none of the numbers add up it's been blown out of portion. #reopenamerica #letsgetbacktowork #americafirst.,n
@markmeadows @seanhannity @breitbartnews @scottpresler @ingrahamangle @teaparty_911 @tppatriots #walkaway ONLY we the people can #reopenamerica. We have the #Constitution #CommonSense and #Science on our side. https://t.co/mkOIS7sKNj.,n
"Hello. As we experience perilous and exciting times, we are seeing the uncovering of gross corruption, greed, negligence, incompetence and fraud. God said who can I send to carry out My will? I will LORD, I will! #reopenamerica #mayday #USA #openupamerica #america.",n
"Want to #ReopenAmerica Here's the ONLY plan that will not cost US 1000s of more deaths 1-#StayAtHome 2-Testing, Testing, Testing 3-treatment 4-contact tracing ALL 4 Then & only then can we can begin to resume some normality to our daily lives https://t.co/aNEBHhS2ZN.",y
Seriously considering moving to the state that open up first. #WuhanCoronaVirus #ReopenAmerica.,n
and #FauciFraud is there with her He's a Democrat! He's deep state #FireFauci and let's #ReopenAmerica for business!!!,y
"You know what I find hypocritical? When people argue not to reopen States. Really? States have been half open the whole time! If grocery stores, gas stations, fast foods, Walmart, Target & coffee shops were SAFE to stay open you're already half open! #reopenamerica.",n
By #GilbertMercier author of #TheOrwellianEmpire DON'T #ReopenMaryland #ReopenAmerica for the benefit of #ProfitsOverPeople #WallStreet #banksters & #Corporate interests. #stayathome #trump #whitesupremacy #evangelicals #devossedition #alexjones #COVID19 #COVID?19.,y
"Dear @POTUS! Enough is enough! There are many jobs which are inherently socially-distanced jobs, and can resume! #reopenamerica.",n
@GovernorVA do your models take into account the increased risk of depression and suicide? Do they take into account the destruction of our economy and small business? NO! Your models are designed to predict exactly what you want us to believe. #reopenvir,n
You want to #ReopenAmerica see this video before support such bullshit #CoronavirusLockdown is better for us.,y
To all the Democrats blabbing about keeping the economy shut down this is why it needs to reopen! #ReopenAmerica #coronavirus #AmericaFirst.,n
"@realDonaldTrump @SenJohnKennedy it's time to #ReopenAmerica. At risk individuals, rest homes and hot spot cities continue to self quarantine. Others should be able to return to normal life. Track the numbers and make informed decisions based on actual da",n
"Over 400,000 people went out to vote in-person in Wisconsin. It's 15 days later and Covid hospitalizations and new cases are going down (not up as the #democrat naysayers warned). We are being scammed. #reopenamerica https://t.co/JB0pQh1qJD.",n
I can't wait for @realDonaldTrump to restart our #economy... AGAIN! It will bounce back with a Vengeance #AmericaFirst #ReopenAmerica #MadeInAmerica.,n
"Riots in the streets, looting, and killing because #Democrats crashed the economy over PORKING the #RescueBill isn't a good way to survive this virus. We're going to #ReopenAMERICA without allowing Pelosi to blackmail us and you can sit in your ivory tower and stfu now.",n
@GovWhitmer Unemployment is set to hit 30%. Far higher than the Great Depression. Is it worth it? You don't amputate a limb when you get a cut because it might become infected. #Coronavirus #michiganshutdown #ReopenAmerica.,n
"If we're each at home, we're not together. Being PRESENT with each other is together. Technology solutions are a thin shadow of what the human psyche requires. #reopenamerica #civilliberties.",n
People out on the streets with assault rifles in America and states announcing reopening of businesses next week. Proper order. You won't get away with tyranny over there. Americans won't be bullied #ReopenAmerica #Coronavirus #CoronaBollocks #EndTheLockdown.,n
@FreedomWorks activists attending the #ReopenMI rally today! We must start petitioning for our Freedom NOW! #ReopenAmerica #ampFW.,n
Take back America! DO NOT COMPLY! #reopenamerica #democratsaredestroyingamerica #americafirst https://t.co/HvEtVC8YDB.,n
"@WhiteHouse @POTUS @realDonaldTrump People under 50 rarely catch or die from CV19, they are effectively immune ! Take them off lockdown to save the economy. Re-open shops, schools, offices and resturants for under 50's. Test/trace/quarantine any infected.",n
Quit lying to Nevadans @GovSisolak OPEN NEVADA!!! https://t.co/EFXTDixROf #OpenNevada #ReopenAmerica #Vegas @VitalVegas @SportsXMMA @RichieShipin @realDonaldTrump @mayoroflasvegas #MAGA #VegasShutdown #VegasBorn #SaturdayThoughts #WWG1WGA #ConstitutionOverCoronavirus.,n
"@realDonaldTrump @Mike_Pence @seanhannity @dbongino @IngrahamAngle @FoxNews @RudyGiuliani @DiamondandSilk Our world now, so much for our freedom and liberties. This was a slippery slope closing down for a virus, that was not much worse than the flu. #reop",n
@TruthNoLiesEver @GavinNewsom If u are so scared of death . STAY HOME AND OUT OF OUR WAY . We the ones that are not scared shouldnt have to suffer for your fears . Why do people want to shove their view down other peoples throat ? #coronavirushoax #reopen,n
@StepNTyne @GavinNewsom @CAgovernor WE THE PEOPLE DEMAND OUR COUNTRY OPEN! This is unconstitutional and we have been LIED TO. https://t.co/HwUkncV0nj #operationgridlock #reopenamerica PROTEST for our FREEDOM back now!! WE DO NOT CONSENT! We demand truth! ,n
Texas Gov Abbott doesn't need to be told twice... ... #Democrats like California's Newsome and New York's Cuomo should be taking notes. #MAGA #ReopenAmerica #BackToWorkNOW.,n
#ReopenAmerica and don't watch this Sh*t head.,n
Join your state rally on May/1!!! #openupamerica #mayday #takeourcountryback #reopenamerica.,n
"Precautions, fine! But #reopenamerica @TheDemocrats are playing politics with the rescue bill. I'm out of work because of this, Can't see unemployment status, site says it's down, Can't look for another job because of the stay at home order. Dems you're bleeding us to death! https://t.co/uDBUCOBWRP.",n
"Every Governor, Legislator or Physician who recommends keeping the economy shut down should forfeit their paychecks until it reopens #COVID19 #ReopenAmerica #ReopenAmericaNow.",n
"Folks, #ItIsUpToUs! This infringement on our rights is what recall petitions, injunctions, & lawsuits are for. Be civil, respectful and peaceful at all times! Get started now. #betheactivist #takebackamerica #1A #2a #tcot #ccot #riseup #liberty #covidfascism #reopenamerica https://t.co/VowgyPpM6l.",n
#OperationGridlock #ReopenAmericaNow !!! Recall @GovWhitmer Then #ReopenAmerica.,n
@Wyn1745 @MagaUnite11 @NSAGov @POTUS This is Populist regime change Masters at work Break the bonds Patriots #reopenamerica https://t.co/G5P1xFwuZf.,n
Why is #ReopenAmerica trending?!? This goes directly against all advice from MEDICAL PROFESSIONALS. How is our country handling this the worst? I'd really like to not die.,y
"#ReopenAmerica yes a thousand times, cut the bullsh! t you were given your two week ""flatten the curve"" shutdown and its already brought America to its knees the threat level isn't high and continuing down this path isn't helping anyone...pass the stimulus and lets get to work.",n
#ReopenAmerica oh and Faceless DUANE tell that to The maggot #Antifa #TheResistance that listen to you . #MAGA.,n
"As businesses fail and futures ruined, we have reached the point where these draconian intrusions on our way of life transcend politics and lifestyle. Yes, @elonmusk, we want our freedom back. Before it's too late. #reopenamerica https://t.co/sG3blCng2R.",n
It is a FALSE to ARGUE against Trump's Plan to #REOPENAMERICA because YOU Do Not want to Go BACK to WORK No One is going to FORCE You to Go BACK to WORK You can STAY HOME and NOT WORK But the AMERICANS who want to Go BACK to WORK MUST be allowed TO DO SO! @realDonaldTrump.,n
"@YahooNews these are authentic gatherings by sincere #Americans. I've been to 2 protesting #DictatorInslee. No one claims spontaneity; any gathering requires organizing. But these events aren't staged, only Liberals get paid to rally. #medialies #reopenam",n
@jaketapper #ReopenAmerica 80% will have mild or no symptoms. Isolate those at high risk and provide necessities and comfort. Let the herd immunity start working. #coronavirus #usa #covid19 #NYC #florida.,n
"@TheLeadCNN @jaketapper Hey @jaketapper be truthful ANYTHING Our President wants to do, you and your Cabal would be against. So we #ReopenAmerica starting today. You stay HOME.",n
"@MissCandyKiss @DanPatrick @GOP My grandparents are 87/88. They survived war, the Great Depression, and measles. They are more worried about economic collapse than a flu like virus with low death rates. Millions of older folks feel the same way. #reopenam",n
@sav_says_ PROTESTS BEING REMOVED FROM YOUTUBE!! Freedom of speech! This is AMERICA and #MichiganProtest is where we should STAND TOGETHER for our constitutional rights!! More of US than THEM! Let's fight! #reopenamerica #operationgridlock https://t.co/hW,n
"Anyone with a JOB is deemed essential by the consumer who purchases their service.... #ReopenAmerica Let's get back to work! SMARTLY! We need to be like our heros - cops, nurse, emt, cashiers, grocers, drive-thru food, WE CAN DO THIS!!!!",n
Oregon's George Soros(D) appointed Gov extends 'Cower-In-Place' order to July 7th... because 100 people have died in 120 days... #democratsliedpeopledied #reopenamerica #reopenamericanow #endthelockdown #endthelockdownnow #endtheshutdown #endtheshutdownnow https://t.co/qWA0UCJeDZ.,n
But #Antifa still runs free. I fucking hate the government #EndTheShutdown #endthelockdownnow #ReopenAmerica #ReopenAmericaNow.,n
Time For The United States Take Back The World's Power #OPENAMERICANOW #ReopenAmerica #AmericaFirst #AmericasGreatestComeback #TAKEOVER https://t.co/NNISINUfLz.,n
"There will be more angry, peaceful uprisings like the #MichiganProtest (hopefully). Americans will stop the totalitarian power grab by elected politicians. #coronavirus #reopenamerica #endtheshutdown.",n
"Will @GovernorVA Ralph reopen Virginia so folks can go back to work and start living their lives, or will he have protesters back in Richmond packing the streets again?? #reopenvirginia #reopenamerica.",n
"Recent antibody testing suggests at least 25% of the population of #NYC has antibodies to the #coronavirus. Maybe the sharp drop in cases, there and elsewhere, has more to do with #HerdImmunity than #lockdowns? #reopenamerica #coronavirusnyc #coronavirususa #KAG.",n
People are growing restless and angry. Not one of the people imposing economic hardship on the rest of the country has lost their job. Remember that. https://t.co/ntrveqNmvy #openthestates #reopenamerica.,n
@TheRightMelissa @rhowardbrowne 3.7k who have died from COVID19 in New York were not even tested. It's a grand scam. #reopenamerica.,n
@LightfootForChi? this is just wrong. Total fatalities from all causes is less than last year ~3600 versus ~4000 average. Let's get back to work please and #ReopenAmerica and #chicago. Please do what's right for the city and it's people. Reopen! https://t,n
@Reuters CoronaVirus has peaked at 1/5th the number of deaths of the regular flu. #reopenamerica.,n
RT @reimagin: Take back America! DO NOT COMPLY! #reopenamerica #democratsaredestroyingamerica #americafirst https://t.co/HvEtVC8YDB.,n
States like Michigan & Illinois are being held hostage by #Nazi governors. America is so behind. #reopenamerica.,n
"RT @AmyKremer: President @realDonaldTrump & @VP, It is time to #ReopenAmerica! Nationwide Rolling Rally for Freedom on Friday, May 1st! �.",n
@realDonaldTrump Watch 2 [Cali] docs tell truth about [Covid]. Quarantine is bad for your immune system. #reopenamerica https://t.co/PbVq4bzfu6.,n
RT @RoxDar4TRUMP: @realDonaldTrump @JudgeJeanine @FoxNews #Trump was Right AGAIN! His goal date of #Easter to #ReopenAmerica was right on! �.,n
"It's amazing how this virus only spreads at small businesses and places of worship, yet not at Walmart or Target! #reopenamerica #reopennevada.",n
".@realDonaldTrump bet you won't hold a large rally full of supporters in Florida tomorrow, pussy. Prove me wrong. #reopenamerica #tuesdaymotivation.",n
@FreedomWorks @RandPaul PROTESTS BEING REMOVED FROM YOUTUBE!! Freedom of speech! This is AMERICA and #MichiganProtest is where we should STAND TOGETHER for our constitutional rights!! More of US than THEM! Let's fight! #reopenamerica #operationgridlock ht,n
#ReopenAmerica @gavinnewsome #reopenca now!,n
"We are holding a #ReopenDelaware rally on May 1 at Noon in Wilmington, DE #ReopenAmerica https://t.co/hckIO3M8P6.",n
@RealMattCouch @halftwit2 So are my chances of contracting #coronavirus at #walmart greater than or less than catching it at my local mom & pop patio store which is required to be #shutdown? #reopenamerica.,n
"Whatever Happened to Mark 12:17? https://t.co/5WRqxKOrp7 Good question. Frankly, most of the church has been a bit wimpy in responding to the #COVID19 shutdowns. #OpenAmerica #ReopenTexas #ReopenAmerica.",n
Dear @nordstromrack and @ultabeauty : please reopen after April 30. You can be the start of the back-to -work domino chain! Pretty please! The women of America will be forever grateful. #ReopenAmerica #GirlStuff #ulta #nordstromrack #coronavirus #covid19 #calmdown.,n
"@POTUS @GOPLeader @seanhannity THIS is the untold damage being done to our children by ludicrous #lockdown If this were a real war, we would all take a bullet for our kids. #FakeNews fanning #pandemicpanic #ReopenAmerica New science shows low MR.",n
@POTUS @dbongino Free Michigan! #OperationGridlock for miles! #reopenamerica.,n
@RealMattCouch We need to #ReopenAmerica Yesterday! End the shutdown! @realdonaldtrump @erictrump @donaldjtrumpjr.,n
Great job @GovTimWalz You're destroying healthcare in MN to save healthcare in MN. #reopenmn #reopenamerica.,n
#StopTheMadness Just get over it already. The pandemic is a bust. #reopenamerica.,n
Gotta *forehead slap* the logic where #ReopenAmerica protesters are supposedly 'EndAngeriNg LivEs!!' by protesting in public but the nurse cosplayers are 'heroes'. Evidently only people with certain opinions can spread the virus by protesting in public.,n
"THANK GOD, #reopenAmerica is a movement that is picking up momentum. Rallies scheduled for #Ohio and #Arizona sooner than later. We will not live in fear and we will not live under #tyranny. Most importantly - we will support @POTUS in the decision he makes moving forward.",n
"I'm loving #The100 on @netflix. Many great lessons for the pandemic about a group of 100 young adults sent back to populate a post-nuclear war earth. If we hide & shelter ourselves from the outside world to feel ""safe,"" we will ultimately perish. #COVID19 #pandemic #reopenamerica https://t.co/9lcSJtgmat.",n
"If you can afford to idle a Dodge Ram (17 mpg combined) to scream your white trash head off at a #ReopenAmerica rally, you're not hurting economically. Fuck off.",y
According to lib logic #ReopenAmerica is a threat of violence.,n
"@AdamBaldwin @SenJohnKennedy I'm a 73 & survived every ""scare"" since polio, mumps, measles, atomic bombs, radon gas, ozone holes, Y2K, my own cancer & so on. I can wash my hands, avoid crowds & take care of myself. I don't need people losing their jobs & ",n
@nikkibirnks absolutely. #COVID19 is a scam. And sheople who have no knowledge of history or the viral pathophysiology are falling for the fear-mongering. #reopenamerica.,n
"Absolutely ridculous that police are enforcing these ""orders."" They never seem to arrest #Antifa or #BlackLivesMatter when they actually RIOT or block roads. #ReopenNC will spread to #ReopenAmerica very soon if this continues.",n
@ICEgov @DHS_Wolf @DHSgov is this really necessary? Americans are locked up in their homes yet criminals and illegal aliens are released? Tell me where this makes sense? #riseup #reopenamerica #americafirst https://t.co/QbfYvRSWvh.,n
"California: 40 million people & 2175 coronavirus deaths to date, a 0.005% mortality rate, one of lowest in the world. Newsom won't even open beaches. Time to ask why. Did he decide to shutter the world's 5th largest economy to drag down GDP before Nov election? #reopenamerica.",n
"@CBS_Herridge @GeorgePapa19 @CBSNews Ppl are starving, losing businesses & commiting suicide. No one cares about politics right now. Talk to #DeepStateBarr about it. Tell Trump to use his power & open a special council. #reopenamerica.",n
RT @MariaBartiromo: @GovRonDeSantis Thank you @RonDeSantisFL Good luck & best wishes to #Florida & tomorrow w the #ReOpenAmerica @Mornin�.,n
"Walmart is SERVING any and everyone who can cram in the building. PASTORS, why are you still closed and why aren't you suing on the flock's behalf? #cowards #liberateVirginia #reopenVirginia #sicsempertyrannis #reopenAmerica.",n
Groups from across North Carolina gathered to #reOpenNC! Thank you .@raleighpolice for redeeming yourselves! Good leadership is critical all across the US and all the way down to local county and city government! GREAT RALLY #reopenAmerica https://t.co/wpuDYqvQuO.,n
@MSNBC @chrislhayes The anti-Trump CULT quickly morphed into the #HysteriaCult sensing that maybe the #Coronavirus could accomplish what their 3.5 years of failed efforts to destroy the @realDonaldTrump Presidency couldn't do The #ShutDown is the new #Mue,n
"Reminder that jerks who lie about #climatechange &/or profit off fossil fuels are the same people who want to #ReopenAmerica & put millions at risk of dying of #covid19. This is one fight, & the entire fossil fuel/Wall St./GOP/Murdoch complex should be criminally prosecuted .",y
"NJ does not need a committee of pharma executives and Chan-Zuckerberg puppets to tell us when to #OpenUpNJ. . @GovMurphy, you closed NJ in 1 day, you open it! #MayDay #OpenUpAmerica #ReOpenAmerica.",n
@RealMattCouch #PutGrandmaInABox is all that will happen with #ReopenAmerica.,y
"@kadirakinci1299 @ETExileGov @SalihHudayar @nytimes @dailytelegraph @VOANews @VOATurkish BIG NEVER COMES FROM #UN, #WHO,QUEENS,PMs, PRESIDENTS! ( #pedos #cannibals in power = NONESSENTIAL ITEMS), #Lockdown =ACT OF WAR AGAINST PEOPLE #humanityisnotavirus #",n
Utah! Join us tomorrow! We cannot sit by and watch the damn commies erase our freedoms in the name of safety. https://t.co/DA8WKPePrg @UtahBizRevival #ReopenAmerica #WalkAway https://t.co/Nm94KMQGe7.,n
"@greg_price11 @hughhewitt @realDonaldTrump @POTUS 3/ Without question, by his repeated lies & failure to take swift & appropriate action-and now his determination to #ReopenAmerica by Easter-@realDonaldTrump is the true #EnemyOfThePeople.",n
RT @CovfefeKatie: God Bless America #EndTheLockdown #FullyOpenCA #reopencalifornianow #ReOpenAmerica #FreeAmericaNow #HuntingtonBeach #B�.,n
"Under lockdown rules, I can go to Walmart and inhale the exhaust of 1000 complete strangers, touching food and shopping carts they touched, but I can't go to my office with the same 5 people I know every day? @GovSisolak THAT makes perfect sense. #recallsisolak #reopenamerica.",n
"Update: https://t.co/rl846gNFpL Yes, we can #ReopenAmerica by May 1st, @realDonaldTrump... Looking forward to #Arizona following suit, @dougducey #livesoverdollars was a false dilemma from the start - shutdowns threw the baby out with the bathwater, #smh.",n
It's 87 degrees and sunny out in Wilmington. You can go into Walmart but can't lay out on the beach. What bunch of bullshit. #reopenamerica #reopennc https://t.co/FdkxrnQFGj.,n
#ReopenAmerica opponents claim they are #NotDyingForWallStreet when its SMALL BUSINESS that provides HALF of all US jobs. Its SMALL BUSINESSES being destroyed in the shutdown. Wall Street will be fine. Mom & Pop will not. You aren't hurting Wall Street. You're the #COVIDIDIOTS.,n
"@GovMurphy NJ does not need a committee of pharma executives and Chan-Zuckerberg puppets to tell us when to #OpenUpNJ. . @GovMurphy, you closed NJ in 1 day, you open it! #MayDay #OpenUpAmerica #ReOpenAmerica.",n
"Let's go and #ReopenAmerica #OperationGridlock in Michigan just getting started! Thousands! Watch one of the leaders on Neil Cavuto on Fox News today at 4pm, April 15.",n
@ncdhhs @NC_Governor @realDonaldTrump it's time to act for the American people! #arrestroycooper #covid19tankscam #reopenamerica #reopennc.,n
"Americans are safer at the beach than under #lockdown. We've broken the curve, let's #ReopenAmerica. #MAGA.",n
"#ReopenAmerica we won't live like this! Churches closed Pastors & pregnancy counselors arrested but abortion is allowed Homeless, illegals & prison inmates released, all free to roam the streets @BenhamBrothers @scrowder @RealJamesWoods @StefanMolyneux @EricTrump @JLPtalk @VP https://t.co/wCmoU2zONC.",n
@mitchellvii I don't recall dr. Fauci calling for closing any gay bars or bath houses in the 80s because of the deadly AIDs virus. Also don't think we have a vaccine against it either. #ReopenAmerica.,n
"These #Karens & #TrumpsterPeople demanding #ReOpenAmerica, while still not realizing it's other HUMANS that run all those unnecessary businesses for their #WhitePrivelege asses?!! #ignorancekills #republicansarekillingus #COVID19 #donotopenamerica #toosoon #stayhome #stayclosed.",y
@CNN MORE PROTESTS to #ReopenAmerica and we the people of the United States of America demand our rights back. The opening performance at the 2012 #Olympics showing our upcoming #Plandemic is a gross dance you threw in our face. America will see.,n
@Fetz1SD @ChelseaGerami @johannamaaghul @GavinNewsom WE THE PEOPLE DEMAND OUR COUNTRY OPEN! This is unconstitutional and we have been LIED TO. https://t.co/HwUkncV0nj #operationgridlock #reopenamerica PROTEST for our FREEDOM back now!! WE DO NOT CONSENT! ,n
The hype is a scam and a product of the media to tank the economy. Because they hate America and @realDonaldTrump #ChinaVirus #EndTheShutdown #endthelockdown #ReopenAmerica #FireFauci #MediaPandemic.,n
"I don't want any of these #ReopenAmerica idiots to catch covid-19 because health care workers will put themselves at risk to care for them, but this is the chair of the Arizona GOP telling protestors to impersonate health care workers. When you get sick please just die at home.",y
@MinisterVereta WE THE PEOPLE DEMAND OUR COUNTRY OPEN! This is unconstitutional and we have been LIED TO. https://t.co/HwUkncV0nj #operationgridlock #reopenamerica PROTEST for our FREEDOM back now!! WE DO NOT CONSENT! We demand truth! APRIL 22nd in #LosAn,n
more #nazi #COVID19 shut downs. #BillGatesVirus doesn't want anyone but #NWO demons making $$ off the #scamdemic #freedom #reopennys #reopennc #ReOpenPA #ReopenAmerica https://t.co/HG0v4n9WAh.,n
God Bless America #EndTheLockdown #reopencalifornianow #ReOpenAmerica #FreeAmericaNow #HuntingtonBeach #BackToWork #USA @realDonaldTrump Thank you to Law Enforcement today @HBPD_PIO great job out there today #RecallGavinNow https://t.co/dciyyS4m7k.,n
"Folks, #ItIsUpToUs! This infringement on our rights is what recall petitions, injunctions, & lawsuits are for. Be civil, respectful and peaceful at all times! Get started now. #betheactivist #takebackamerica #1A #2a #tcot #ccot #riseup #liberty #covidfascism #reopenamerica https://t.co/wxMKSwPiCn.",n
"RT @JasonRobergeVA: NEW YORK STATE RALLY Tomorrow, April 16, noon State Capitol in Albany, NY #reopenamerica #reopennys RT and tag your�.",n
Uneducated trump voters and fox news audience still think CoronaVirus is a hoax. #reopenamerica #notdying4wallstreet #COVIDIDIOTS #generalstrike #hantavirus #lockdownnow.,y
@FOXLA WE THE PEOPLE DEMAND OUR COUNTRY OPEN! This is unconstitutional and we have been LIED TO. https://t.co/HwUkncV0nj #operationgridlock #reopenamerica PROTEST for our FREEDOM back now!! WE DO NOT CONSENT! We demand truth! APRIL 22nd in #LosAngeles at ,n
#ThursdayThoughts #ReopenAmerica #EndTheFed End the #Quarantine End The #Curfew End the #Lockdown End the #Shutdown Recovery law allows Fed to rope off public as it spends billions https://t.co/RisvbWmd2K.,n
"I don't care which side of the aisle you're on, anyone squawking out #ReopenAmerica is #irresponsible, While #Democrats & #Republicans squabble over #Stupidity and #fail to pass a bill to help Check out UW4ME! Available for the next 1 day via @Teespring: https://t.co/s6WhzTMUPp.",y
"@govparsonmo @lydakrewson @drsampage ""The extension of the shelter-in-place, or as I will call it, forcibly imprisoning people in their homes against all their constitutional rights."" #elonmusk #enoughisenough #reopenamerica #reopenstl #coronavirus https:",n
Join your state rally on May/1!!! #openupamerica #mayday #takeourcountryback #reopenamerica.,n
@RealMattCouch I think of the intellectually disabled kids I see who live in questionable home environments & I weep inside for them. School was their safe space. #reopenamerica.,n
"2/2: Democrats are going to revolt when they learn and realize their Governors shutdown and destroyed the economy, their lives, and livelihoods for no good reason! #walkaway #walkawaydemocrats #walkawayfromdemocrats #reopenamerica #reopenamericanow.",n
"no matter your tribe, if you PRIZE #FREEDOM & despise big government overreach you will come together to FIGHT TYRANNY side by side. #endthelockdown #endtheshutdown #reopennc #reopenamerica #reopennow #endthelockdownuk #scamdemic #plandemic #COVID19 #COVID?19 #COVID.",n
Okay if @ChrisCuomo survives @realDonaldTrump can we please open America back up for business #ReopenAmerica #WuhanCoronaVirus #StopTheInsanity.,n
"Instead of photo opps, how about opening up businesses so we can work? #reopenamerica #reopenmo #reopenstl #reopenstlcounty #itstime.",n
"@TrumperSeaney @realDonaldTrump Everyone, join your state rally on May/1!!! #openupamerica #mayday #takeourcountryback #reopenamerica.",n
"Finally!! Many conservatives, myself included, have been pointing out FROM THE BEGINNING, that this disease is more common than the Liberal Academics would admit and therefore much less deadly. Can we now #ReopenAmerica Today!",n
As she should. Don't impinge on American freedoms without a valid reason. #reopenamerica #reopensalem #WWG1WGAWORLDWIDE.,n
RT @FreedomWorks: @RandPaul: 'Our only hope of rescuing this great country is to reopen the economy' #ReopenAmerica #ampFW https://t.co/pry�.,n
Help spread awareness of this first MI-style Operation Gridlock protest in CA. https://t.co/6tu9UdxyGD #reopenamerica #reopencalifornia.,n
@KTSMtv DID YOU KNOW?? ?? Fake News CBS used footage from an Italian Hospital when talking about the #coronavirus outbreak in New York City. #FakeNews #LeftyMedia #Panic #NYC #COVID19 #ReopenAmerica https://t.co/qRtuBDZSEG.,n
Here's the sign I made and T-shirt I ordered for the May 1st rally to #ReopenAmerica located in four cities in California #FullyOpenCA The flyer of the event is the third picture. And here's their website. https://t.co/lVpq8DKUtE https://t.co/o0ZeCzGxQo.,n
@FriedrichPieter WE THE PEOPLE DEMAND OUR COUNTRY OPEN! This is unconstitutional and we have been LIED TO. https://t.co/HwUkncV0nj #operationgridlock #reopenamerica PROTEST for our FREEDOM back now!! WE DO NOT CONSENT! We demand truth! APRIL 22nd in #LosA,n
@KTLA WE THE PEOPLE DEMAND OUR COUNTRY OPEN! This is unconstitutional and we have been LIED TO. https://t.co/HwUkncV0nj #operationgridlock #reopenamerica PROTEST for our FREEDOM back now!! WE DO NOT CONSENT! We demand truth! Tomorrow in #LosAngeles at Cit,n
"More than 65% people are 100% suspected to be infected due to Corona virus in kemari Town,Karachi.But the reaction and the way of dealing of the officials on 1166 is quite agonizing. #extendthelockdown https://t.co/liwanvj3Gs.",y
RT @MENnewsdesk: A strong message to anyone thinking about meeting with friends over the Easter weekend #StayHomeSavesLives https://t.co/9b�.,y
What he said. #stayhomesaveslives.,y
First time in 12 years I feel I need to move... #Frisco #Texas #COVID #StayHomeSaveLives #ProtestLockdown =#endangerment.,y
Libs: No one IS PolITicIZiNg thE chINESe vIRSuS aGAInSt PResIdENT tRUMp. We dOn'T NeED to rEoPEN OuR EcOnOmY. US gdP Also Libs: haHaha Trump uS GdP Also libs #extendthelockdown #donotopencalifornianow Also libs: Elon Musk @elonmusk is asshoe https://t.co/6kJxscKpT8.,n
Ahahaha fuck @elonmusk the most selfish entitled bastard Ive seen throughout COVID. Hope his entire portfolio goes up in flames in the upcoming Great Depression you elitists S.O.B. #workersrights #ExtendTheLockdown #NoWorkerIsDisposable.,y
@lovelyseshu @AndhraPradeshCM That doctr is worthless WASTE TO TALKING ABOUT HIM.. . bt now problem is about extension of lockdown... if yu guys were so responsible I request Pk fans to trend #ExtendTheLockdown in AP.,y
Agreed they would rather have u in pine box instead of paying UI/#PUA Scum I tell you to make us choose being financial ruined or death from #COVID19 #coronavirus #ExtendTheLockdown this is America not North Korea @AP @NYSHumanRights @SenSchumer @LtGovHochulNY @donlemon @VP.,y
if the Prime Minister said it was ok to go out and to gather in the streets you would stay at home. That's just the way some of you seem to be. Sad f*cks. #stayathome #staythefhome #stayhomesavelives #stayhomesaveslives #COVID19 https://t.co/OLeLb3UIYF.,y
"Apt what @thandienewton 's #maeve #robot character says in @WestworldHBO #Westworldseason3 Ep.2: ""If there's one thing I know about human nature, is that your stupidity is only eclipsed by your laziness"". Stop lazy thinking; #StayHomeSavesLives #COVID19.",y
"Sir,plz complete sealing/Curfew in the hotspot area in all over India up to 30 April is solutions at that time.Other india lockdown extend up to 30 April . @PMOIndia @HMOIndia .@cmohry plz seal gurugram and nuh area completely @Dchautala #ExtendTheLockdown.",y
"@CNN @realDonaldTrump be a #Leader, join a #ProtestLockdown rally!",n
@RBI banks must extend moratorium period. @abpnews @aajtak @zeenews @ndtv @PTI_news @ddnewslive @narendramodi @pmoindia @finminindia #extendthelockdown #waivedoffemi.,y
Staying home and physically distancing is the most powerful thing we can do to stop the spread of #COVID19 and protect vulnerable Indians. #StayHomeSaveLives @PMOIndia @HMOIndia @MoHFW_INDIA Please #ExtendTheLockdown For More 21 Days minimum and to it strictly @aajtak @BBCHindi.,y
Anyone who supports arresting lockdown protesters will one day wake up in the totalitarian state where no protests for no reason will be allowed. #protestlockdown.,n
@DailyVoiceSA check this petition out! https://t.co/Z20V8FUjHk over 10 000 people have signed the petition for schools to stay closed for 2020 #ExtendTheLockdown #StayAtHome #Covid_19 https://t.co/ZIYoxnlvOe.,y
Is the message getting through? PUBLIC SERVICE ANNOUNCEMENT No.7: Stay home save lives! #CoronavirusOutbreak #COVID?19 #StaySafeStayHome #StayAtHomeSaveLives #StayHomeSavesLives #SelfIsolation #graphicdesign Time to get #creative @WHO @UN @GOVUK https://t.co/ZtQEeQHokT.,y
"What exactly do Nigerians want?: #Extendthelockdown trends, Nigerians react in shock to 195 new cases of Coronavirus recorded on Tuesday https://t.co/vnqwwpCVbx https://t.co/C5TxrWrVb9.",y
Big cheer for @GEHNHSnews @GEHNurses when you #ClapForCarers tonight at 8pm but the only way to be sure of 'making a difference' to beat #CoronavirusOutbreak is to #StayHome this Easter @nhsuk @nhsengland @dominicraab @borisjohnson #stayhomesaveslives https://t.co/S0fpYAOe5y https://t.co/e6aaQALKRT.,y
@LBBizJourn @LongBeachPost Protests work my friends! Today at 11:30am downtown Los Angeles city hall ! #protestlockdown #downtownla #cityhall #openla #opencalifornianow #liberatecalifornia #losangeles #motherearth pass it on! @LACity @SEIU721 @realDonaldT,n
"3 of our dog teams with their dogs PD Arnie, PD Nika, PD Holly & PD Airin proudly joined in with #ClapForTheNHS #ClapForOurCarers tonight please #StayHomeSavesLives to protect our #NHSheroes.",y
RT @MENnewsdesk: A strong message to anyone thinking about meeting with friends over the Easter weekend #StayHomeSavesLives https://t.co/9b�.,y
"#WATCH | You can see what it's really like for us as we police the streets during the #lockdown. This is how we're enforcing the #coronavirus social distancing measures. To everyone who's staying at home, you are lifesavers. We thank you #StayHomeSavesLives https://t.co/qbUFtRg4Sw.",y
Respected P.M. sir of India. Please extend the lockdown period Because the situation not fully under controlled.if the lockdown period is over on 14th april then the virus spread again. So please consult with Health Ministry and #extendthelockdown period. @pmoindia @narendramodi.,y
@YasminDindar @Newzroom405 check this petition out! https://t.co/Z20V8FUjHk over 10 000 people have signed the petition for schools to stay closed for 2020 #ExtendTheLockdown #StayAtHome #Covid_19 https://t.co/ZIYoxnlvOe.,y
#WeAgreetoextension @BBCAfrica only the left few behind @Our_DA does not agree. #covid19southafrica #extendthelockdown.,y
And yet the media are pressing the government to end lockdown and open non essential shops. And who will they blame for such catastrophic loss of life? The government of course. #extendthelockdown @borisjohnson #coronavirus #nonessential #stayhomesavelives.,y
"Why don't those #ProtestLockdown go to hospitals, help healthcare workers since they don't believe #coronavirus is a threat and show how #Christian they are by helping those in need like #Jesus did -answer-they won't because they are #Hypocrites and #cowards.",y
RT @MENnewsdesk: A strong message to anyone thinking about meeting with friends over the Easter weekend #StayHomeSavesLives https://t.co/9b�.,y
"This is hard. It's needed. Stay safe and remember we are ALL in the same boat here. Be kind, take a breath and #StayHomeSavesLives.",y
"@pmoindia @narendramodi @linkedin #extendthelockdown As of now, no vaccine and no treatment for this highly contagious disease. Lockdown saved our country to a level by decreasing the spread when compared to other countries. India was Highest population c",y
RT @MENnewsdesk: A strong message to anyone thinking about meeting with friends over the Easter weekend #StayHomeSavesLives https://t.co/9b�.,y
More news from the front: what #quarantine in #Montreal is like: https://t.co/7Vk0nmbq6d #FlattentheCurve #Staythefuckathome #StayHomeSavesLives #stayhomestaysafe #coronavirusCanada #covid19 #writing #amwriting #writingcommunity #cavabienaller.,y
@bbclaurak Nearly 1000 deaths a day is not good news. Honestly I reckon a Tory could shoot you and you would say its good as the bullet was made in Britain rather than call them out #bias #StayHomeSavesLives.,y
Libs: No one IS PolITicIZiNg thE chINESe vIRSuS aGAInSt PResIdENT tRUMp. We dOn'T NeED to rEoPEN OuR EcOnOmY. US gdP Also Libs: haHaha Trump uS GdP Also libs #extendthelockdown #donotopencalifornianow Also libs: Elon Musk @elonmusk is asshoe https://t.co/FFiBjoiCF6.,n
"#donotopencalifornia You've been a terrific example of intelligence so far, #California, don't blow it now! #extendthelockdown #besafe #trumppandemicfailure #stayhome #inthistogether #socialdistancing #healthcareworkers #takecareofeachother #beatcovid19.",y
Northampton NPT have been out in #Northampton #Lumbertubs #Upton #Collingtree #Southfields monitoring the virus compliance. #c7125 #c7153 #p982 #stayhomesaveslives #COVID19 @northantspolice https://t.co/3NUOVmXNnW.,y
"People asking for this lockdown not to be extended are confusing me... Ankere Matamela made it rain for six months and slid in with those levels. So basically wah still under lockdown,net nje we'll be between levelsfor about 6 months... #ExtendTheLockdown.",y
"@pmoindia @narendramodi @linkedin #extendthelockdown As of now, no vaccine and no treatment for this highly contagious disease. Lockdown saved our country to a level by decreasing the spread when compared to other countries. India was Highest population c",y
"This is in Los Angeles, where there are 50 deaths a day from coronavirus. #stayhomesaveslives.",y
@AP @AngrierWHStaff No one knows how this virus will effect them young or old. Your life is worth more than money #StayHomeSavesLives.,y
"This is pretty clear, if it's not essential travel stay at home. Thanks to @NWPolice , police forces across Wales & UK. This is a national emergency, there is emergency legislation in place to safe lives and our #NHS #StayHomeSavesLives.",y
Heal the world. #stayathome #stayhome #stayhomesaveslives #lockdown.,y
@TheWarMonitor YEP! Protests work my friends! Today at 11:30am downtown Los Angeles city hall ! #protestlockdown #downtownla #cityhall #openla #opencalifornianow #liberatecalifornia #losangeles.,n
I would like to #AskGovHutchinson Why he puts businesses like @Walmart @Dillards above the health & wealth fare of his citizens? Will they not let you issue a #StayAtHomeOrder #askthegovernor #COVID19 #peoplebeforeprofit #stayathome #stayhomesaveslives #saferathome.,y
#NovemberIsComing @GovWhitmer You' and all the rest of the #CorruptDemocrats @DNC will see what #true #American #Citizens think and feel about this Country. #truthmatters #truthwillprevail #protestlockdown @parscale @teamtrump @trumpwarroom @realdonaldtrump stay the course @POTUS.,n
"#ExtendTheLockdown watch the coronavirus explained on netflix. look up the facts. if we open now, there will be another peak in deaths and all this time in quarantine will have been a waste. dont make it hurt the economy and people more AGAIN. just stay in. ride it out.",y
"I appreciate our Governor in North Carolina, @NC_Governor. He's putting safety and people first, by not opening our State too soon and then opening up slowly when He sees better results. #peoplefirst #extendthelockdown #roycooper.",y
Libs: No one IS PolITicIZiNg thE chINESe vIRSuS aGAInSt PResIdENT tRUMp. We dOn'T NeED to rEoPEN OuR EcOnOmY. US gdP Also Libs: haHaha Trump uS GdP Also libs #extendthelockdown #donotopencalifornianow Also libs: Elon Musk @elonmusk is asshoe https://t.co/jlHqZaW0rM.,n
@ANI @PMOIndia @narendramodi @drharshvardhan the center is saying they will not extend the lockdown. We need minimum 45 days. We have pulled through 10 days we can do 45. But we loosen the mitigations we will loose the war against Corona #CoronaLockdown #,y
@discoveryhomes1 @HMOIndia @PiyushGoyal Here is my request copy the text written below and let us extend the lockdown to help the government and its authorities. @narendramodi_in @PMOIndia Let us extend this lockdown to fight and defeat COVID-19. #coronav,y
Life without economy or Economy without life.Choose wisely. This move can decide whether u want a green life or desert with the bank balance.#extendlockdown #ExtendTheLockdown @PMOIndia @narendramodi @AmitShah @republic @ABPNews @ZeeNews @IndiaToday @rashtrapatibhvn @indiatvnews.,y
RT @MENnewsdesk: A strong message to anyone thinking about meeting with friends over the Easter weekend #StayHomeSavesLives https://t.co/9b�.,y
"#Georgia #Michigan #Florida #lasvegasmayor: #StayAtHome #savelives Yes, it sucks not to be at work, but going back to work will put lives at risk- maybe your own, or maybe someone you love. Please don't take the risk. #COVID19 #protestlockdown.",y
"So they wanna bring Wuhan to our schools. It is not Ayoba with me. Not sending mine ""until the curve is flattened"". They don't have enough beds/ventilators bt too much vibrators. #ExtendTheLockdown #BasicEducationDepartment #Day34OfLockDown #eNCA #Newzroom405 #SouthAfricaLockdown.",y
Good @jimsciutto shout out to #groceryshopping also #target #Hospitals #firefighters #police #prisons #ups & more have been #open as @realDonaldTrump forgets those #EssentialWorkers #essentialservices risking are keeping #economy alive and #Americans #COVID #ExtendTheLockdown.,y
@ssaran999 @hmoindia #extendthelockdown Help control this COVID-19 outbreak and let the world know that we can handle a few more weeks of lockdown. Use #extendTheLockdown and spread the word.,y
Libs: No one IS PolITicIZiNg thE chINESe vIRSuS aGAInSt PResIdENT tRUMp. We dOn'T NeED to rEoPEN OuR EcOnOmY. US gdP Also Libs: haHaha Trump uS GdP Also libs #extendthelockdown #donotopencalifornianow Also libs: @elonmusk is asshoe https://t.co/Km0MVmiWSO.,n
Baguio City has 0 #Covid_19 case for the past 10 days due to 24-hr quarantine. If they can do that why can't we? #enhancedcommunityquarantine #extendthelockdown.,y
"The danger sign of third phase is beginning, pls forget political differences, it's time to unite. Cooperate with government in mitigating the threat of #COVID19Pandemic #StayHomeIndia bcz #StayHomeSavesLives @aditiraval @AmdavadAMC.",y
Call centres need to be shut. Surely a floor of a few hundred people from different communities in a particular region all working for up to 12 hours a day in one large room is a social gathering? #covid19uk @jeremycorbyn @borisjohnson #stayhomesaveslives.,y
@MarshallTitan1 @BBCNormanS @ONS To be honest if you've got a 1 in 10 chance of dying if you catch the virus the sensible thing to do is try not to get it. #StayHomeSavesLives is a great idea. Stay safe yourself.,y
"@PMOIndia @HMOIndia Sir my personal opinion is that at this point we have to extend lockdown up to 30 April because as flight ,train ,bus move from one place to another , Virus spread from one place to another and it's not easy to tackle huge public #exte",y
I am pleading with @GovernorVA to shut down residential construction. The number of new cases had it's largest 1-day increase in VA. This wouldn't have happened if we moved more quickly. Please act! Prevent more deaths and illnesses! #StayHomeSavesLives https://t.co/BhIUfH18qB.,y
"Keep Schools closed, keep our children, educators and parents safe https://t.co/y5qI6Hw8nW via @Change #ExtendTheLockdown #Covid_19 #COVID19 #SouthAfrica #SouthAfricansFirst.",y
@MPSMayfield will be continuing with their patrols today. #stayhomesaveslives Big Thank you to @NHSEnglandLDN and @Ldn_Ambulance.,y
How I feel about anyone risking lives (and healthcare professionals) by being all #ProtestLockdown and the asshat #NotMyPresident who is inciting them.,y
"Freddie's 'STAY HOME, STAY SAFE' poster for the @SuffolkPolice comp! We live in a cul de sac so not sure any patrolling officers will c it but it kept Fredster busy! And everyone - stay home plz!! Keep everyone safe!!! #stayhome #staysafe #StayHomeSavesLives https://t.co/lRoAwImTjg.",y
"A King, I Stan .. King of #cruise. Live entertainer , multi talented, the #Indaboski #Pahose. The slayer of the ""evil"". Realest god of men in the world. All #VIBES Mehn With these updates, I don't mind if they #ExtendTheLockdown This man sud #PrayForKemiOlunloyo.",y
@sanscaar @mygovindia @PIB_India @PMOIndia @MIB_India @HMOIndia U may feel bad rt now but if are able to control the spread then we will feel worth without doing Colletral damage. #extendthelockdown.,y
"i hope abbott knows that so many people are going to die bc he decided to open movie theaters, the mall, and restaurants on friday. #extendthelockdown.",y
@nbcwashington @GovernorVA To everyone flipping out about this: your high risk & elderly neighbors have already been following #StayHomeSavesLives for weeks. When YOU spread the virus we're that much closer to overwhelming the hospitals & running out of #,y
"in the movie Apollo 13, a precisely sequenced process is devised for achieving successful power-up : similar to what we should be doing right now : devising the sequence for the post-lockdown recovery #Covid_19 #LockdownExtended #stayhomesaveslives https://t.co/kOMcTmzDp4.",y
#ExtendTheLockdown please PM @narendramodi extend the lockdown. 21 days reh liye aur reh lenge. Sab ko bacha ne ke liye lockdown badha de @PMOIndia @HMOIndia @AmitShah.,y
"But YOU rage against your govt because you can't go to bars & restaurants; parks & beaches; movie theaters & malls? You claim to love America, yet are willing to destroy it by risking infection & spreading it to others, leading to illness and possibly death. > #protestlockdown.",y
"Trump wants to open the schools again. Good God. Can we lock him up YET? I think it's time. #penceisanidiot #extendthelockdown #wellnesswednesday ""remdesivir"" ""Gaston County"" ""De Blasio"" ""Jared kushner"" ""free America"" ""Elon Musk"" ""Powell"" https://t.co/eSrIeHvKxR.",y
@MPSTwickenham @MPSRichmond @metpoliceuk Nice to see busking and ice cream vans down Richmond riverside. #StayHomeSavesLives #lockdown nice to see rules are being enforced.,y
"881 hospital deaths today say the self same thing, if our Council and our Regional Paper and our NHS and our science advice all saying so is not quite enough. Sitting in the sun can wait. #stayhomesaveslives #weloveournhs @mancitycouncil @mennewsdesk @GM_HSC @greatermcr.",y
RT @ChSupt_Ayrshire: #StayHomeSavesLives response has been extraordinarily positive & is helping to save lives across #Ayrshire. Thank you�.,y
"RT @NPASSouthWest: An empty A303.. Well done everyone, keep up the good work #StayHomeSavesLives #COVID19 @HighwaysEngland @ASPolice http�.",y
"Elon Musk just tweeted that he wants to free America now. My question to these billionaires is that if we are going to blatantly pit market worship against the general welfare, how many dead Americans are too many dead Americans? #extendthelockdown.",y
To all the people crying that they want lockdown to end and are bored being inside go outside and do this ?? instead of being stupid and protesting measures meant to protect people go do something to actually help the community. #COVID19 #Quarantine #ProtestLockdown.,y
"The incident which took place on 28th April,2020 is depicts the lack of education prevalent in Tikiapara,West Bengal. Govt should emphasize on proper education and exposure of such communities. Because the virus is here to stay with us,for foreseeable future. #extendthelockdown.",y
Awesome #mumbai . #ExtendTheLockdown also in the name of #ClimateChange https://t.co/3q7je862cv.,y
"So far this morning I've been Madonna, Beyonc�, Katy Perry, Pink, Taylor Swift, Whitney Houston, Adele, Dua Lipa, Lady Gaga and a wee bit Bryan Adams. Questionable music choice? Maybe! Staying home, cleaning and saving lives? You bet! #StayHomeSavesLives #HelpTheNHS https://t.co/5uUVHSs7Kk.",y
Ramaphosa is just another scam of a president why not approach #Madagascar for the cure with the money you willing to give for free #uselesspresidency #ExtendTheLockdown.,y
"This virus knows no boundaries! Stay home, protect the NHS, saves lives! #stayathomesavelives #stayhomesaveslives.",y
@jasserravalle There is no proof that keeping healthy people in lock-down is necessary or helpful. We don't need to #ExtendTheLockdown. #openupamerica #mayday #reopenamerica #povertykills. You say #mentalhealthmatters. Are you following the suicides due t,n
#cyrilramaphosa if we end the lockdown to early we risk reversing the gains that we've made over the last weeks. #oomcyril #LOCKSOUTHAFRICADOWN #extendthelockdown.,y
If only the #ProtestLockdown idiots could read and understand what this says.,y
"I've just been made aware that I am within this very high risk group. I'll be stuck inside and away from people for the foreseeable. People are dying, and I'm determined not to be one of them. Please, please, PLEASE #StayHome #StayHomeSavesLives.",y
@JolyFox check this petition out! https://t.co/Z20V8FUjHk over 10 000 people have signed the petition for schools to stay closed for 2020 #ExtendTheLockdown #StayAtHome #Covid_19 https://t.co/ZIYoxnlvOe.,y
@QAnonNotables @DineshDSouza Why aren't you telling people to #StayHomeSavesLives ? It's the only way to save your loved ones. https://t.co/U2f3B6NQaW.,y
@syptweet Strongly agree that police should go tough with measures during #COVID19 continue to halt NONE ESSENTIAL travel & use drones its needed #StayHomeSavesLives @BBCNews @SkyNews the police should do what is necessary keep up the good work Thank You.,y
Liberal Snowflakes are triggered by Americans who want to get back to work. Lazy liberals who brag about murdering their own babies are trying to pretend to have compassion or morals about anything is a JOKE. #protestlockdown.,n
"An empty A303.. Well done everyone, keep up the good work #StayHomeSavesLives #COVID19 @HighwaysEngland @ASPolice https://t.co/6Tne0smraF.",y
First positive case of #Covid_19india in #Valsad district. #stayhomestaysafe #stayhomesaveslives #indiafightsback #trending #stayathomewithtwice #2k20 #2019ncov #5GKILLS #umargaon #coronaviruspandemic #coronago #coronavirusoutbreakindia #covid19india #indiacheckmateschina https://t.co/1kUoDFxwL8.,y
"Christ, and 152,000 for the whole of Europe. Let's make sure this doesn't happen by making better decisions and making people stay at home by deploying the military onto the streets. Remember everyone #StayHomeSavesLives! #coronavirus #coronacrisisuk #coronaviruslockdownuk.",y
A strong message to anyone thinking about meeting with friends over the Easter weekend #StayHomeSavesLives https://t.co/9b4rMxYTII.,y
Thank you to everyone at the NHS. Please stay at home. #stayhomesaveslives @nhsengland https://t.co/XTjPF37fzf.,y
@SenSchumer It's April 30th #TheCorruptDems still won't answer about #DropOutBiden #IBelieveTaraReade or why they are inflating numbers of Covid-19 deaths #WeThePeople #MayDay #ExtendTheLockdown = #Nazi https://t.co/Vyn51n6mnH.,n
A single corona patient can be a threat to whole country if we don't #ExtendTheLockdown because still we are not aware the actual number of cases whose are in still incubation period and some of them are asymptomatic. #lockdownextention.,y
RT @MENnewsdesk: A strong message to anyone thinking about meeting with friends over the Easter weekend #StayHomeSavesLives https://t.co/9b�.,y
"Lovely drawing and poem posted by one of the year 5 pupils. Because of COVID-19, we can't go to the canteen, the shops have been shut, no hair is being cut, there's hardly any food, people must be stood, the rule is 2 m apart, and that way you will be safe. #stayhomesaveslives https://t.co/WLg4efkgD3.",y
@JoyAnnReid Get off your crack pipe you liberal garbage #TDS #CivilUnrestIsGettingReadyToExplode across America and the Media Mob Lies are the fuel #FreedomOverFear #ReopenAmericaNow #ProtestLockdown #TurnOffThisGarbageNews @MSNBC @ABC @CBS @CNN and @NBC ,n
"So I put it to you @metpoliceuk @MetCC @10DowningStreet @BorisJohnson @MattHancock @patel4witham or whoever can try to sort it-please do. It's a slap in the face to those trying to stop the spread & following government guidelines. #StayHomeSavesLives, clap at your doors/windows.",y
@FOX2News @srduquette3 Tell people to #StayHomeSavesLives. Tell them how to help the vulnerable stay safe. https://t.co/fSVyNohHXf.,y
"Good Monday morning! We hope you had a great weekend, and were able to get some exercise while practicing social distancing! Remember, #STAYHOMESAVESLIVES https://t.co/ah8zi35SmM.",y
What is our fault in the spread of #corona. This is because of #jamati. We are suffering. We supported #NarendraModi decision of lockdown. We understood tge importance. But now its time to understand our problem too. Main area of city should be under lockdown. #ExtendTheLockdown.,y
"People crying #ExtendTheLockdown, you are fucking dumb. By the way, the first antiviral treatment to end the coronavirus succeeded in the gold standard clinical trials by the NIH/NIAID today. Fauci is having a press conference to announce its impending approval today.",n
Dear @mbuhari With $3.4bn approved by IMF as emergency funds to support #Nigeria combat #COVID19 what do you still need N850bn loan approved by the Senate for? Maybe your ardent supporters already have answers for us already #ExtendTheLockdown 80 in Lagos https://t.co/AzlOQ8Mgvg.,y
"Express your free speech during #ProtestLockdown but if you're too dumb or selfish not to wear protection, don't be surprised by the results https://t.co/siLkGqScEZ.",y
Whatever is happening from last few days #TabligiJamaat I think #lockdownindia Should be extended Otherwise India will be next after #China #ItalyCoronavirus #America and #Spain #coronavirusindia @RubikaLiyaquat @narendramodi #ExtendTheLockdown @PTI_News @KumarVivek0131 @WHO.,y
@KTrivandrum @OpIndia_com #extendTheLockdown Help control this COVID-19 outbreak and let the world know that we can handle a few more weeks of lockdown. Use #extendTheLockdown and spread the word.,y
We need to #ExtendTheLockdown It's the call of the time. This is the only way to be safe. Frankly India can't offer good and fast COVID-19 test and quarantine centre. The cases have multiplied by thousand and we can't afford to be careless. HEALTH IS WEALTH.,y
Libs: No one IS PolITicIZiNg thE chINESe vIRSuS aGAInSt PResIdENT tRUMp. We dOn'T NeED to rEoPEN OuR EcOnOmY. US gdP Also Libs: haHaha Trump uS GdP Also libs #extendthelockdown #donotopencalifornianow Also libs: @elonmusk is asshoe https://t.co/yUbKYom3TB.,n
@harvingtonTR @metpoliceuk @LFC_blano @Real_Macca_0161 @KTHopkins The journalist should have just gone home. He is in the wrong not the police. I support the police sending stupid idiots home. #StayHomeSavesLives.,y
RT @tony7perfect: The same people that #ProtestLockdown also protest anything that benefits ALL people such as The affordable care act Gu�.,y
"Way to go #Ottawa. We know its hard, but let's #StayHomeSavesLives so we can help our amazing health care system #FlattenTheCurve. Tell us what your doing at hone today!",y
"At this point , these ""conspiracy theories "" aren't theories anymore. It's reality! We have all the Proof. #freeamericanow #extendthelockdown =brainwash #deblasio =joke #jaredkushner = INFILTRATE > HYDRA = made and pay by Benjamin Netangahu #qanon #qanonarmy #qarmy.",n
times during a shift. Please #StayHomeSavesLives.Help us keep you safe. #frontline,y
Coronavirus: Parks busy despite lockdown as many head out to enjoy the sun https://t.co/U31lELydXl I just can't ?? ?? It was ONE f***ing instruction. What is wrong with people. Am sure will be worse tomorrow #StayHomeSavesLives https://t.co/QceB0eWAjp.,y
The government is urging people not to relax on the current lockdown and social distancing restrictions over the weekend. Please stay home for all those who are vulnerable #StayHomeSavesLives #coronavirus #charity @GOVUK @NHS https://t.co/T0EbbAATUj.,y
"Elon Musk is right, we don't need to #ExtendTheLockdown any longer. Statistically speaking, this whole #COVID19Pandemic is exactly like the Flu minus the vaccine, large amounts of cases and recovery, but small death rate compared to the entire US population. Free America!!",n
#DearDiary iGot triggered by @billionaire memer #ElonMusk today But triumphantly throngs of young dupes & clueless adolescents came to my defense & we yelled #ExtendTheLockdown We are such inspiring groupthink zombies ?? modern MLKs literally https://t.co/J9pRZhboIs.,n
Leftist media: Florida will be the next Italy. Florida: *Doesn't even come close to prediction* Leftist media: We need to #ExtendTheLockdown #florida #desantis #wednesdaythoughts.,n
"Elon Musk tweeting about ""Free America"" because he needs workers to die so he doesn't end up with slightly fewer billions of dollars to waste. Fuck him and all those rich bastards paying these ""protestors"" to open America. #extendthelockdown #finetheprotesters https://t.co/fr0kBlgLcR.",y
#morningjoe #newday #ExtendTheLockdown and call #expandopening when safe #VoteBlueToSaveAmerica #Biden2020 https://t.co/e01yz7XN4e.,y
